"logFC","logCPM","F","PValue","FDR","gene_id"
3.05749358316151,15.0336601408803,287.640437654239,6.82635313110251e-05,0.00141300183820495,"MC4R"
0.996577665663909,15.8685903312781,271.830083990186,7.63784777408082e-05,0.00141300183820495,"UBR2"
1.44589564351437,14.7627715754618,158.802624349633,0.000221214662216045,0.00272831416733122,"FTO"
1.49333377831746,14.9465773711891,88.850026921642,0.00068842459591212,0.00636792751218711,"SIM1"
-2.58275520397738,14.5610542987643,60.6731226783669,0.00143354945361508,0.0106082659567516,"LEPR"
-0.946819513157798,14.1698990778403,43.3762638018432,0.00270126508910434,0.0166578013828101,"UHMK1"
-0.789724271013611,15.2615139713061,37.5220516962131,0.00353634780724368,0.0172365390588346,"SH2B1"
-0.732599829575269,15.2559595221804,36.470480339295,0.00372681925596424,0.0172365390588346,"POMC"
-0.490850788162438,15.2944371223919,26.7744828314971,0.00654531209231306,0.0269085052683981,"PCSK1"
