"baseMean","log2FoldChange","lfcSE","stat","pvalue","padj","gene_id"
48.0098162652977,-3.01292267985627,0.473968791072194,-6.35679550343504,2.06005944540376e-10,7.6222199479939e-09,"FTO"
43.4478774256184,-3.13581061437534,0.51762205305567,-6.05810860619974,1.37731395694404e-09,2.54803082034647e-08,"MC4R"
36.7580204288713,3.15336364714199,0.557852335274428,5.65268521389398,1.57960438601391e-08,1.94817874275048e-07,"LEPR"
87.3010150347127,-1.79369398449183,0.397847535439445,-4.50849590537388,6.52888289398607e-06,6.03921667693711e-05,"UBR2"
40.2872718119288,-1.53872729345841,0.435130726985932,-3.53624140523672,0.00040586363262954,0.0030033908814586,"SIM1"
